건강생활지원센터명,건강생활지원센터 유형,소재지도로명주소,위도,경도,운영시작시각,운영종료시각,휴무일정보,건강증진사업내용,기타이용안내,의사수,간호사수,영양사수,신체활동전문인력수,물리/작업치료사수,사회복지사수,간호조무사수,기타인력현황,건강검진장비현황,체력측정장비현황,운동장비현황,금연사업장비현황,영양사업장비현황,절주사업장비현황,재활사업장비현황,기타보건교육장비현황,감염병예방장비현황,운영기관전화번호,관리기관명,데이터기준일자,제공기관코드,제공기관명
용암건강생활지원센터,기본형,충청북도 청주시 상당구 용암북로160번길 17,36.62217424,127.5153011,09:00,18:00,토+일+공휴일,신체활동+만성질환관리+영양+재활,,0,2,1,1,1,0,0,행정인력(1),혈압계+혈당측정기+체성분분석기,없음,러닝머신+입식사이클+정글짐,없음,염도계+식단/식품모형+식품구성자석보드,없음,재활운동용러닝머신+상하지운동기+전동상,O,X,043-201-3501,충청북도 청주시 상당보건소,2025-12-19,B553430,한국건강증진개발원
덕산건강생활지원센터,기본형,충청북도 진천군 덕산읍 연미로 31,36.89973094,127.5282012,09:00,18:00,토+일+공휴일,신체활동+영양+모자보건+만성질환관리,건강체험관 운영,0,1,1,0,0,0,0,행정인력(1)+치과위생사(1),신장체중계+체성분분석기+스트레스측정기,없음,순환식 공압운동기+실내자전거,어린이 흡연예방 모형(폐모형+COPD,영양프로그램실+식품모형+비만거울,가상음주체험고글,없음,X,O,043-539-7425,충청북도 진천군보건소,2025-12-19,B553430,한국건강증진개발원
용두건강생활지원센터,기본형,충청북도 제천시 용두대로 17길 8,37.14231622,128.200363,09:00,18:00,토+일+공휴일,신체활동+만성질환예방+영양+구강,,0,3,1,1,1,0,0,2(치과위생사(1)+청사관리인력(1),신장측정기+체성분분석기+혈압계+혈당측,악력측정기+배근력측정기+종합체력기능측,순환식공압운동기(숄드프레스+풀다운+체,금연예방모형,염도계+당도계+당뇨밥솥+전자저울+슬로,어린이 음주예방모형+음주체험고글,없음,O,O,043-641-3282,충청북도 제천시보건소,2025-12-19,B553430,한국건강증진개발원
맹동건강생활지원센터,기본형,충청북도 음성군 맹동면 사예2길 35,36.91364052,127.5449461,09:00,18:00,토+일+공휴일,신체활동+만성질환관리+영양+모자보건,건강원스톱 운영,0,0,2,0,1,0,0,치과위생사(1),체성분분석기+혈압계+혈당측정기+빈혈측,윗몸일으키기측정기+종합체력기능측정기,러닝머신+버터플라이머신+체스트플라이머,흡연결과비교모형+폐비교모형+금연교육용,조리실습용 장비+식단/식품모형+식품구,순수알코올양보드판,없음,X,X,043-871-2191,충청북도 음성군보건소,2025-12-19,B553430,한국건강증진개발원
홍성군건강생활지원센터,기본형,충청남도 홍성군 홍북읍 청사로48번길 22,36.647525826,126.6765774422,09:00,18:00,토+일+공휴일,구강+재활+영양+신체활동+심뇌혈관,건강체험관 운영,0,2,1,1,2,0,0,치과위생사(4),체성분분석기+혈압계+당화혈색소측정기+,없음,러닝머신+순환운동기구6종+입식사이클,일산화탄소측정기+폐활량측정기,염도계,가상음주체험키트 및 고글+어린이 음주,평행봉+러닝머신+자전거운동기+어깨회전,O,X,041-630-9783,충청남도 홍성군보건소,2025-12-19,B553430,한국건강증진개발원
안면읍건강생활지원센터,기본형,충청남도 태안군 안면읍 장터로 149-2,36.5206713494,126.3444919574,09:00,18:00,토+일+공휴일,신체활동+치매+심뇌혈관+금연+구강,자살예방사업+재활기구 대여사업+건강동,0,3,0,0,1,0,0,금연상담사(1),체성분분석기+혈압계+신장체중계+혈당측,없음,러닝머신+순환식유압운동기+일립티컬머신,흡연자구강모형+폐비교모형+흡연자혈관모,없음,없음,없음,X,X,041-671-5271,충청남도 태안군보건의료원,2025-12-19,B553430,한국건강증진개발원
성정건강생활지원센터,기본형,충청남도 천안시 서북구 서부8길 29,36.8197755,127.1398835,09:00,18:00,토+일+공휴일,만성질환관리+금연+신체활동+영양+비만+구강+심뇌혈관관리+방문,건강체험관 운영,0,3,0,1,0,0,1,,체성분분석기+혈압계+혈당측정기+당화혈,악력측정기+종합체력기능측정기,러닝머신+사이클+순환식유압운동기+균형,일산화탄소측정기,염도계,어린이음주예방모형,없음,O,X,041-521-5791,충청남도 천안시서북구보건소,2025-12-19,B553430,한국건강증진개발원
청수건강생활지원센터,기본형,"충청남도 천안시 동남구 청수6로 106-3, 6층",36.78962635,127.1553044,09:00,18:00,토+일+공휴일,금연+신체활동+심뇌혈관관리+치매+영양+비만+방문+만성질환관리,천안새마을금고 연계,0,2,1,2,0,0,1,행정인력(1),신장체중계+체성분분석기+혈당측정기+혈,악력측정기,러닝머신(2)+순환식유압운동기(7)+,일산화탄소(CO)측정기+요중니코틴측정,염도계+요중나트륨배설량측정기,없음,없음,O,X,041-521-5897,충청남도 천안시동남구보건소,2025-12-19,B553430,한국건강증진개발원
동부(아산시)건강생활지원센터,기본형,충청남도 아산시 배방읍 용연동길 50,36.79320709,127.0939081,09:00,18:00,토+일+공휴일,금연+영양+신체활동+심뇌혈관+아토피천식,통합건강관리실 예약제 운영+어린이건강,1,4,0,0,0,0,0,,체성분분석기+혈압계+혈당측정기+콜레스,악력측정기+자전거에르고미터+러닝머신,순환식유압운동기(레그익스텐션+펙덱 플,일산화탄소(CO)측정기+폐 비교 모형,염도계+고혈압+ 당뇨 등 각종식단 및,가상음주체험고글,없음,O,X,041-537-3596,충청남도 아산시보건소,2025-12-19,B553430,한국건강증진개발원
동부(서산시)건강생활지원센터,기본형,충청남도 서산시 쌍연북2로 19 (동문동),36.78789946,126.4642169,09:00,18:00,토+일+공휴일,재활+치매+심뇌+금연+영양+신체활동,"월,수 야간운영(20시까지)",1,4,1,1,4,0,0,,체성분분석기+혈압계+콜레스테롤측정기+,앉아서윗몸앞으로굽히기측정기+종합체력기,숄더프레스+버터플라이+체스트프레스+토,일산화탄소(CO)측정기,식단식품모형,없음,전동맷돌훈련기+벨트식전동기립훈련기+균,O,X,041-660-4921,충청남도 서산시보건소,2025-12-19,B553430,한국건강증진개발원
송악건강생활지원센터,기본형,충청남도 당진시 송악읍 신복운로 99,36.9387011889,126.7786187076,09:00,18:00,토+일+공휴일,신체활동+영양+비만+만성질환 예방관리+치매+우울증,건강체험관 운영+ 매주 화 목요일 2,0,0,1,1,0,0,1,행정인력(1),체성분분석기+혈압계+혈당측정기,근력측정장비6종,러닝머신+순환운동기기,없음,염도계+식단/식품모형+영양프로그램,없음,없음,O,X,041-360-6080,충청남도 당진시보건소,2025-12-19,B553430,한국건강증진개발원
논산시건강생활지원센터,기본형,충청남도 논산시 해월로125번길 26,36.204783485,127.0822883223,09:00,18:00,토+일+공휴일,신체활동+영양+구강+만성질환관리,건강체험관 운영,0,3,2,1,0,0,0,치위생사(2),체성분분석기+신장체중계+혈압계+체온계,종합체력기능측정기+악력측정기,균형훈련기+사이클,없음,염도계+식단/식품모형,가상음주체험고글,없음,O,O,041-746-8025,충청남도 논산시보건소,2025-12-19,B553430,한국건강증진개발원
금산군건강생활지원센터,기본형,충청남도 금산군 금산읍 건삼전3길 14,36.1015780168,127.491420047,09:00,18:00,토+일+공휴일,금연+음주폐해예방+신체활동+영양+비만,,0,1,0,1,0,0,0,행정인력(3)+임상병리사(1)+금연상,혈압계(1)+신장체중계(1)+체성분분,자세측정기+평형측정기,러닝머신(1)+진동운동기(1)+균형훈,일산화탄소(CO)측정+흡연자구강모형+,없음,없음,없음,X,X,041-754-8334,충청남도 금산군보건소,2025-12-19,B553430,한국건강증진개발원
화북건강생활지원센터,기본형,제주특별자치도 제주시 동화로1길 45-22,33.51836381,126.5783832,09:00,18:00,토+일+공휴일,만성질환관리+신체활동+영양+감염병,건강생활실천사업+치매인지선별검사+금연,0,3,1,1,0,0,0,행정인력(1),혈압계+혈당측정기+콜레스테롤+당화혈색,자전거에르고미터+악력측정기+종합체력기,러닝머신(2)+입식바이크+좌식바이크+,일산화탄소(CO)측정기(2),없음,없음,없음,O,X,064-728-8511,제주특별자치도 제주시 제주보건소,2025-12-19,B553430,한국건강증진개발원
오산시 건강생활지원센터,기본형,"경기도 오산시 문헌공로 45, 1층",37.1766480518,127.0545656085,09:00,18:00,토+일+공휴일,신체활동+영양+심뇌혈관+한의약+모자보건+만성질환관리,건강원스톱 예약제 운영,0,5,1,1,1,0,0,,체성분분석기+혈압계+신장체중계+혈당측,없음,러닝머신+사이클+레그컬익스텐션+체스트,없음,염도계+식단/식품모형+영양프로그램,없음,없음,X,X,031-8036-6580,경기도 오산시보건소,2025-12-19,B553430,한국건강증진개발원
가남건강생활지원센터,동단위형,경기도 여주시 가남읍 태평중앙1길 20,37.2016541765,127.5448729499,09:00,18:00,토+일+공휴일,금연+신체활동+심뇌혈관관리+영양+치매,찾아가는 경로당 건강증진사업+건강동아,0,1,0,0,0,0,0,,체성분분석기+신장체중계+혈압계+당화혈,없음,레그익스텐션+레그컬+레그프레스+토탈힙,일산화탄소(CO)측정기,입체모형 패널 3종+식단/식품모형+식,없음,없음,O,X,031-887-3457,경기도 여주시보건소,2025-12-19,B553430,한국건강증진개발원
용문건강생활지원센터,기본형,경기도 양평군 용문면 용문로 393,37.4871565647,127.5965732699,09:00,18:00,토+일+공휴일,만성질환관리+금연+영양+비만+정신건강+치매+신체활동+한의약+아토피천식,용문건강생활지원센터 별관,0,2,1,2,0,0,0,,체성분분석기+혈압계+혈당측정기+콜레스,악력측정기+종합체력기능측정기+배근력측,러닝머신+레그컬머신+버터플라이머신+암,일산화탄소측정기,식품모형+비만체험조끼+근육·지방모형+,없음,없음,X,X,031-770-3778,경기도 양평군보건소,2025-12-19,B553430,한국건강증진개발원
서부(양주시)건강생활지원센터,기본형,경기도 양주시 광적면 부흥로 618번길 303,37.8124996904,126.9723071622,09:00,18:00,토+일+공휴일,금연+신체활동+심뇌혈관+영양+만성질환관리,대사증후군 관리+ 어린이건강체험관 운,0,3,1,1,0,0,0,치위생사(2),혈압계+당화혈색소측정기+혈당측정기+신,악력측정기+체력측정및운동가이드시스템,러닝머신+순환식유압운동기+사이클,일산화탄소(CO)측정기+흡연자 구강모,염도계+식단/식품모형+영양프로그램,어린이 음주예방모형+가상음주체험고글,없음,O,X,031-8082-4379,경기도 양주시보건소,2025-12-19,B553430,한국건강증진개발원
동부(양주시)건강생활지원센터,기본형,경기도 양주시 화합로 1426번길 90,37.8381418085,127.0680360014,09:00,18:00,토+일+공휴일,금연+신체활동+심뇌혈관+만성질환관리+영양,모바일헬스케어+대사증후군 관리+이동형,0,3,1,1,0,0,0,행정인력(3),체성분분석기+혈압계+신장체중계+당화혈,악력측정기+체력측정및운동가이드시스템,러닝머신+순환식유압운동기+사이클,일산화탄소(CO)측정기+흡연자 구강모,염도계+식단/식품모형+영양프로그램,없음,없음,O,X,031-8082-4365,경기도 양주시보건소,2025-12-19,B553430,한국건강증진개발원
공도건강생활지원센터,기본형,경기도 안성시 공도읍 공도로 51-11,36.9996730979,127.166249433,09:00,18:00,토+일+공휴일,신체활동+만성질환관리,꿈나무건강체험관+건강관리실 운영,0,2,0,1,0,0,0,행정인력(1)+임상병리사(1)+방사선,체성분분석기+혈압계+혈당측정기+고지혈,악력측정기+자전거에르고미터+각근력측정,러닝머신+헬스자전거,흡연자 구강모형,어린이 영양식품 모형,어린이 음주예방모형+가상음주체험고글,휠체어+워커,X,X,031-678-6801,경기도 안성시보건소,2025-12-19,B553430,한국건강증진개발원
안산서부건강생활지원센터,기본형,경기도 안산시 단원구 신길중앙로 15,37.3379920246,126.7621942744,09:00,18:00,토+일+공휴일,금연+신체활동+영양+비만+만성질환관리,원스톱건강관리실 예약제 운영+지역사회,0,3,1,1,0,0,0,행정인력(1),체성분분석기+혈압계+고지혈측정기+혈당,악력측정기+체력측정및운동가이드시스템,러닝머신+레그프레스머신+레그익스텐션머,일산화탄소(CO)측정기+폐활량측정기,염도계,없음,없음,O,X,031-481-6465,경기도 안산시 단원보건소,2025-12-19,B553430,한국건강증진개발원
반월건강생활지원센터,기본형,경기도 안산시 상록구 건건로 119-4,37.3121929249,126.9045149527,09:00,18:00,토+일+공휴일,금연+신체활동+영양+심뇌혈관+모자보건+치매,어린이건강체험관 운영,0,5,1,1,0,0,0,,체성분분석기+혈압계+당화혈색소측정기+,체력측정및운동가이드시스템,체스트링크+레그링크+숄더링크+콕사링크,일산화탄소(CO)측정기,염도계+식단/식품모형,어린이 음주예방모형+가상음주체험고글,없음,O,X,031-481-3792,경기도 안산시 상록수보건소,2025-12-19,B553430,한국건강증진개발원
중부(시흥시)건강생활지원센터,기본형,경기도 시흥시 목감우회로 23,37.3816540411,126.8587492431,09:00,18:00,토+일+공휴일,만성질환관리+신체활동+영양+비만+모자보건+재활,재활기구 대여사업,0,2,1,1,3,0,0,행정인력(1),혈압계+체온계+신장체중계+체성분분석기,없음,레그컬머신+레그익스텐션머신+숄더프레스,없음,식품추천모형+염도계+염분량입체모형패널,없음,러닝머신+진동운동기+균형훈련기+수력저,O,X,031-310-0722,경기도 시흥시보건소,2025-12-19,B553430,한국건강증진개발원
은계건강생활지원센터,동단위형,"경기도 시흥시 수인로3247번길 33, 3층",37.4356859398,126.7980018591,09:00,18:00,토+일+공휴일,신체활동+심뇌혈관+만성질환,임산부영유아튼튼교실,0,1,0,1,0,0,0,행정인력(1),체성분분석기+혈압계+혈당측정기+당화혈,없음,없음,금연모형,식단/식품모형,없음,없음,O,X,031-310-2722,경기도 시흥시보건소,2025-12-19,B553430,한국건강증진개발원
배곧건강생활지원센터,동단위형,"경기도 시흥시 배곧4로 94-41, 1층",37.3717155514,126.7357765419,09:00,18:00,토+일+공휴일,신체활동+심뇌혈관+만성질환,임산부영유아튼튼교실,0,1,0,1,0,0,0,행정인력(1),체성분분석기+혈압계+혈당측정기+당화혈,기초체력측정장비6종,순환운동기구5종,금연모형,식단/식품모형,없음,없음,O,X,031-310-5896,경기도 시흥시보건소,2025-12-19,B553430,한국건강증진개발원
호평건강생활지원센터,기본형,경기도 남양주시 호평로68번길 21,37.6545679255,127.2489488043,09:00,18:00,토+일+공휴일,신체활동+비만+만성질환관리,스트레스측정(자율신경계기능검사),0,1,1,1,0,0,0,행정인력(1),체성분분석기+혈압계,종합체력기능측정기,없음,없음,없음,없음,없음,O,X,031-590-8089,경기도 남양주시 남양주보건소,2025-12-19,B553430,한국건강증진개발원
와부건강생활지원센터,기본형,경기도 남양주시 와부읍 월문천로 35,37.5855152701,127.2163280571,09:00,18:00,토+일+공휴일,신체활동+영양+만성질환관리+구강,,0,1,1,1,0,0,0,,체성분분석기+혈압계,종합체력기능측정기,러닝머신+입식/좌식 사이클+레그 익스,없음,식품모형,없음,재활운동용 트래드밀+공압식 운동기,O,X,031-590-2751,경기도 남양주시 남양주보건소,2025-12-19,B553430,한국건강증진개발원
오남건강생활지원센터,기본형,"경기도 남양주시 오남읍 진건오남로 806-34, 오남읍사무소 2층",37.6985747889,127.2048423528,09:00,18:00,토+일+공휴일,신체활동+비만+심뇌혈관,,0,2,0,1,0,0,0,행정인력(1),체성분분석기+혈압계,없음,없음,없음,없음,어린이 음주예방모형+가상음주체험고글,없음,O,X,031-590-8501,경기도 남양주시 남양주풍양보건소,2025-12-19,B553430,한국건강증진개발원
별내건강생활지원센터,기본형,"경기도 남양주시 별내3로 64-21, 별내행정복지센터 2층 (별내동)",37.6461661452,127.1218824648,09:00,18:00,토+일+공휴일,신체활동+비만+심뇌혈관,,0,1,1,1,0,0,0,행정인력(1),체성분분석기+혈압계,없음,없음,없음,없음,없음,없음,O,X,031-590-8190,경기도 남양주시 남양주풍양보건소,2025-12-19,B553430,한국건강증진개발원
다산건강생활지원센터,기본형,"경기도 남양주시 다산중앙로 7, 다산행정복지센터 2층",37.613927595,127.1555488974,09:00,18:00,토+일+공휴일,신체활동+비만+영양+만성질환관리,,0,0,1,1,0,0,0,,체성분분석기+혈압계,종합체력기능측정기,없음,없음,식품모형,어린이 음주예방모형+가상음주체험고글,없음,O,X,031-590-8582,경기도 남양주시 남양주보건소,2025-12-19,B553430,한국건강증진개발원
송정건강생활지원센터,기본형,경기도 군포시 송부로 93,37.3172182842,126.9240905053,09:00,18:00,토+일+공휴일,신체활동+만성질환관리+영양,건강원스톱예약제,1,2,1,2,0,0,0,"행정인력(3),환경미화(1)",체성분분석기+혈압계+혈당측정기+고지혈,종합체력기능측정기+체력측정및운동가이드,러닝머신+일립티컬머신+숄더프레스머신+,없음,식단/식품모형+영양프로그램+식품구성자,없음,없음,O,X,031-389-4942,경기도 군포시 보건소,2025-12-19,B553430,한국건강증진개발원
갈매건강생활지원센터,기본형,"경기도 구리시 갈매중앙로80, 3층",37.6314430764,127.1177773667,09:00,18:00,토+일+공휴일,만성질환관리+신체활동+영양+구강+치매+재활+모자보건,어린이건강체험관+원스톱건강체크 예약제,0,4,1,1,1,0,0,치과위생사(1)+임상병리사(1)+기간,혈압계+체온계+신장체중계+체성분분석기,체력측정및운동가이드시스템,입식사이클,없음,염도계+당도계+고혈압+ 당뇨 등 각종,없음,등속성운동기+낙상 위험도 측정기+각근,O,X,031-550-2561,경기도 구리시보건소,2025-12-19,B553430,한국건강증진개발원
오포건강생활지원센터,기본형,경기도 광주시 오포로 884-1 (고산동),37.3690097821,127.232182722,09:00,18:00,토+일+공휴일,재활+신체활동+아토피천식+만성질환관리+모자보건,어린이건강체험관운영+모바일헬스케어+통,0,12,3,1,2,0,1,,체성분분석기+혈압계+신장체중계+당화혈,없음,수력상지저항운동기+좌식사이클+수동상하,폐모형,식단/식품모형,어린이 흡연음주예방모형+가상음주체험고,어깨회전운동기+러닝머신+전동자전거,O,O,031-760-2456,경기도 광주시보건소,2025-12-19,B553430,한국건강증진개발원
철산건강생활지원센터,기본형,"경기도 광명시 시청로 102 (철산동), 4~5층",37.48533692,126.8664737,09:00,18:00,토+일+공휴일,만성질환관리+영양+신체활동+비만,,0,1,1,1,0,0,0,행정인력(3),체성분분석기+ 혈압계+신장체중계+혈당,체력측정 및 운동가이드시스템+보행측정,레그익스텐션+업도미널크런치+백익스텐션,없음,조리실습용장비+영양프로그램,없음,없음,X,X,02-2680-5020,경기도 광명시보건소,2025-12-19,B553430,한국건강증진개발원
소하건강생활지원센터,기본형,"경기도 광명시 소하로 196, 2층",37.4464191906,126.8946876281,09:00,18:00,토+일+공휴일,만성질환관리+영양+신체활동+비만,열린체력단련실 운영,0,1,1,1,0,0,0,행정인력(2),혈압계+자동신장체중계+체성분분석기(체,악력 측정기+체력진단 및 운동 가이드,러닝머신+사이클+체스트프레스+레그익스,없음,조리실습용장비+영양프로그램,없음,없음,X,X,02-2680-7990,경기도 광명시보건소,2025-12-19,B553430,한국건강증진개발원
광명건강생활지원센터,기본형,"경기도 광명시 오리로 1018, 3층",37.4809139156,126.8504732257,09:00,18:00,토+일+공휴일,만성질환관리+신체활동+금연+모자보건+아토피천식,,0,2,0,0,0,0,0,,체성분분석기+신장체중계+혈압계+콜레스,없음,러닝머신,없음,없음,없음,없음,X,X,02-2680-2798,경기도 광명시보건소,2025-12-19,B553430,한국건강증진개발원
과천시건강생활지원센터,동단위형,"경기도 과천시 과천대로7가길 20, 프리즘스퀘어1 B동 지하1층",37.4141764311,126.9806125679,09:00,18:00,토+일+공휴일,금연+신체활동+영양+만성질환관리+모자보건,대사증후군 관리,0,1,1,1,0,0,0,행정인력(1),체성분분석기+혈압계+혈당측정기+고지혈,앉아서윗몸앞으로굽히기측정기+윗몸일으키,없음,일산화탄소(CO)측정기,식품구성자석보드판,없음,없음,O,X,02-2150-3671,경기도 과천시보건소,2025-12-19,B553430,한국건강증진개발원
덕양건강생활지원센터,기본형,"경기도 고양시 덕양구 은빛로 72, 내일꿈제작소 B동 2층",37.6371263948,126.8360067749,09:00,18:00,토+일+공휴일,절주+영양+신체활동+심뇌혈관질환예방관리,,0,2,1,1,1,0,0,행정인력(1),체성분분석기+혈압계,악력측정기+자전거에르고미터,레그프레스머신+좌식사이클,없음,식품모형+영양프로그램,가상음주체험고글,없음,X,X,031-8075-4823,경기도 고양시 덕양구보건소,2025-12-19,B553430,한국건강증진개발원
고양건강생활지원센터,기본형,"경기도 고양시 덕양구 혜음로 19-11, 고양동종합복지회관 3층",37.7025173052,126.9011966605,09:00,18:00,토+일+공휴일,신체활동+영양+만성질환관리,,0,1,1,1,1,0,0,행정인력(1),체성분분석기+혈압계+콜레스테롤측정기,없음,없음,없음,식단모형,없음,없음,X,X,031-8075-4825,경기도 고양시 덕양구보건소,2025-12-19,B553430,한국건강증진개발원
평창군건강생활지원센터,기본형,강원특별자치도 평창군 진부면 석두산2길 13,37.6372676451,128.5535169744,09:00,18:00,토+일+공휴일,영양+신체활동+금연+심뇌혈관+만성질환관리,방문원격+건강체험관,0,6,0,2,0,0,2,행정인력(4),체성분분석기+신장체중계+혈압계+혈당측,악력측정기+자전거에르고미터,러닝머신+좌식사이클+음파운동기+손마사,일산화탄소측정기+폐활량측정기+니코틴타,염도계+식단/식품모형+영양프로그램+식,가상음주체험고글+음주측정기,없음,O,X,033-336-6128,강원특별자치도 평창군보건의료원,2025-12-19,B553430,한국건강증진개발원
태백시건강생활지원센터,기본형,강원특별자치도 태백시 장성1길 175-1,37.1009078291,129.0090100186,09:00,18:00,토+일+공휴일,심뇌혈관+재활+신체활동+치매+영양+방문,건강상담실 운영,0,2,0,0,0,0,0,,신장체중계+체성분분석기+혈압계+당화혈,체력측정및운동가이드시스템,러닝머신+자전거 운동기,흡연자혈관모형+ 폐비교모형+폐활량측정,없음,없음,슬링+상하지운동기+레그익스텐션머신+레,X,X,033-550-2762,강원특별자치도 태백시보건소,2025-12-19,B553430,한국건강증진개발원
춘천시건강생활지원센터,기본형,강원특별자치도 춘천시 우두하리길 21,37.9018574082,127.7410429629,09:00,18:00,토+일+공휴일,신체활동+만성질환관리+재활+영양+비만,어린이 건강체험관 운영,0,1,1,1,2,0,0,청원경찰(1),체성분분석기+혈압계+콜레스테롤측정기+,종합체력기능측정기,랫풀다운+레그익스텐션+벤치프레스+체스,없음,식품모형+영양프로그램+조리실습용장비+,가상음주체험고글(어린이),프레스머신+숄더 프레스 머신+로타리 ,O,X,033-245-5561,강원특별자치도 춘천시보건소,2025-12-19,B553430,한국건강증진개발원
서원주건강생활지원센터,기본형,강원특별자치도 원주시 지정면 가곡로 75-2,37.3771793737,127.8754203235,09:00,18:00,토+일+공휴일,만성질환관리+신체활동+영양+금연,,0,2,2,1,0,0,0,,체성분분석기+혈압계+혈당측정기+당화혈,종합체력기능측정기,벤치프레스+레그익스텐션머신+숄더프레스,일산화탄소(CO)측정기,염도계+식단/식품모형+식품구성자석보드,없음,없음,O,X,033-737-3721,강원특별자치도 원주시보건소,2025-12-19,B553430,한국건강증진개발원
서부(강릉시)건강생활지원센터,기본형,강원특별자치도 강릉시 선수촌로 139,37.7634807001,128.8695373043,09:00,18:00,토+일+공휴일,모자보건+영양+비만+아토피천식+만성질환관리,어린이 건강체험관+치매환자쉼터,0,5,2,1,2,0,0,,체성분분석기+신장체중계+혈압계+혈당측,없음,없음,흡연자/비흡연자 폐 비교 모형,식단/식품모형+식품구성 자석 보드판+,가상음주체험고글,없음,O,X,033-660-2775,강원특별자치도 강릉시보건소,2025-12-19,B553430,한국건강증진개발원
서면건강생활지원센터,기본형,강원특별자치도 철원군 서면 무금로 48번길 15,38.2443837748,127.4374319284,09:00,18:00,토+일+공휴일,금연+절주+신체활동+영양+비만+구강+심뇌혈관+만성질환관리,건강동아리 회원 수시 모집+ 행복한 ,0,2,0,0,0,1,1,치과위생사(1),체성분분석기+혈압계+혈당측정기+고지혈,자세측정기+보행측정기,없음,일산화탄소(CO)측정기+폐활량측정기+,염도계+식단/식품모형+영양프로그램,어린이 음주예방모형+가상음주체험고글,없음,X,X,033-450-5654,강원특별자치도 철원군보건소,2025-12-19,B553430,한국건강증진개발원
북삼건강생활지원센터,기본형,강원특별자치도 동해시 청운로 96,37.4885287262,129.1026734685,09:00,18:00,토+일+공휴일,만성질환관리+금연+신체활동+음주폐해예방,정신건강사업+체력단련실운영,0,3,1,1,0,0,0,행정인력(3)+금연지도사(1),체성분분석기+혈압계+혈당측정기,악력측정기,러닝머신+진동운동기+사이클,일산화탄소측정기+폐활량측정기+흡연자인,염도계+식단/식품모형+영양프로그램,가상음주체험고글,없음,X,X,033-530-2423,강원특별자치도 동해시보건소,2025-12-19,B553430,한국건강증진개발원
북방면건강생활지원센터,기본형,강원특별자치도 홍천군 북방면 상화계2길 17,37.7060341152,127.8542579691,09:00,18:00,토+일+공휴일,만성질환관리+신체활동+영양,건강플러스마을사업+북방면 건강증진프로,0,1,2,0,1,0,0,행정인력(1),혈압계+혈당측정기+당화혈색소측정기+콜,악력측정기+자전거에르고미터,러닝머신+상하체근력기구+안마의자+좌식,일산화탄소(CO)측정기,염도계+식단/식품모형+영양프로그램,어린이 음주예방모형+가상음주체험고글,없음,O,X,033-430-4132,강원특별자치도 홍천군보건소,2025-12-19,B553430,한국건강증진개발원
동부(강릉시)건강생활지원센터,기본형,강원특별자치도 강릉시 강릉대로 313번길 6,37.7649948171,128.9019204821,09:00,18:00,토+일+공휴일,심뇌혈관+재활+방문,운동실 운영,0,14,1,0,1,0,0,,체성분분석기+혈압계+혈당측정기+당화혈,없음,러닝머신+버터플라이머신+체스트플라이머,없음,없음,없음,재활운동용 러닝머신+공압식 운동기기+,O,X,033-660-2302,강원특별자치도 강릉시보건소,2025-12-19,B553430,한국건강증진개발원
남원주건강생활지원센터,기본형,강원특별자치도 원주시 단관공원길 86,37.3163777493,127.9573872686,09:00,18:00,토+일+공휴일,만성질환관리+신체활동+영양+금연,어린이건강체험관 운영,0,2,1,1,0,0,0,,체성분분석기+혈압계+혈당측정기+당화혈,종합체력기능측정기,스태퍼+좌식사이클,일산화탄소(CO)측정기+흡연자 구강모,염도계+당도계+식단/식품모형+식품구성,어린이 음주예방모형+음주체험고글,없음,O,X,033-737-5205,강원특별자치도 원주시보건소,2025-12-19,B553430,한국건강증진개발원
남부(강릉시)건강생활지원센터,기본형,강원특별자치도 강릉시 성덕포남로 80-22,37.7632348309,128.9188369326,09:00,18:00,토+일+공휴일,만성질환관리+한의약,모바일헬스케어사업+소생활권맞춤형건강증,0,3,1,1,0,0,0,행정인력(1),체성분분석기+혈압계+혈당측정기+당화혈,없음,러닝머신+버터플라이머신+체스트플라이머,없음,식단/식품모형+영양프로그램,없음,없음,O,X,033-660-2483,강원특별자치도 강릉시보건소,2025-12-19,B553430,한국건강증진개발원
남면건강생활지원센터,기본형,강원특별자치도 홍천군 남면 양덕원로 104,37.6186375099,127.7683276302,09:00,18:00,토+일+공휴일,만성질환관리+신체활동+영양+치매+정신건강,건강플러스마을사업+남면 건강증진프로그,0,0,1,0,1,0,1,행정인력(1),체성분분석기+신장체중계+혈압계+혈당측,없음,러닝머신+사이클,없음,염도계+영양프로그램,없음,사이클,O,X,033-430-4116,강원특별자치도 홍천군보건소,2025-12-19,B553430,한국건강증진개발원
고성군건강생활지원센터,기본형,강원특별자치도 고성군 거진읍 행랑골길 24-1,38.449276119,128.455178064,09:00,18:00,토+일+공휴일,금연+영양+구강+신체활동+심뇌혈관+만성질환관리,건강플러스마을사업+체성분분석기(인바디,0,2,0,0,0,0,0,행정인력(2),체성분분석기+혈압계+혈당측정기+콜레스,악력측정기+자전거에르고미터+종합체력기,러닝머신+좌식자전거+코어운동기구5종,일산화탄소(CO)측정기,없음,없음,없음,O,X,033-680-3545,강원특별자치도 고성군보건소,2025-12-19,B553430,한국건강증진개발원
서귀포시건강생활지원센터,기본형,"제주특별자치도 서귀포시 서호남로 12(3, 4층)",33.2498649783,126.5134064351,09:00,18:00,토+일+공휴일,신체활동+영양,건강체험관 운영,0,3,1,1,0,0,0,행정인력(1),혈압계+스트레스측정기+체성분분석기+콜,종합체력기능측정기+보행측정기,메타버스 자전거,흡연예방 동영상,식단/식품모형+영양교육실,가상음주체험고글,없음,X,X,064-760-6483,제주특별자치도 서귀포시 서귀포보건소,2025-12-19,B553430,한국건강증진개발원
노형건강생활지원센터,기본형,제주특별자치도 제주시 노형9길 9-4,33.48288157,126.4769921,09:00,18:00,토+일+공휴일,재활+만성질환관리+신체활동+영양+치매,건강동아리활동지원+금연클리닉(주1회),0,5,0,0,1,0,0,행정인력(1),체성분분석기+신장체중계+혈압계+혈당측,없음,없음,없음,없음,없음,트레드밀+전동상지운동기+전동하지운동기,X,X,064-728-8730,제주특별자치도 제주시 제주보건소,2025-12-19,B553430,한국건강증진개발원
행복완주건강생활지원센터,기본형,전북특별자치도 완주군 이서면 반교로 40-6,35.8244012045,127.0232622969,09:00,18:00,토+일+공휴일,심뇌혈관+신체활동+치매+영양+모자보건,심폐소생술체험+모유수유실,0,4,0,0,0,0,0,행정인력(1),체성분분석기+혈당측정기+콜레스테롤측정,악력측정기+윗몸일으키기측정기+윗몸앞으,없음,일산화탄소측정기+폐활량측정기,식단/식품모형,없음,없음,O,X,063-290-3127,전북특별자치도 완주군보건소,2025-12-19,B553430,한국건강증진개발원
평화건강생활지원센터,기본형,전북특별자치도 전주시 완산구 평화13길 7,35.7907639998,127.1366936302,09:00,18:00,토+일+공휴일,만성질환관리+신체활동+비만+영양+재활+구강,,0,2,2,1,3,0,0,행정인력(3)+치과위생사(2),체성분분석기+혈압계+혈당측정기+당화혈,없음,러닝머신+사이클+스텝퍼,흡연자구강모형,식품모형+식품구성자전거모형+근육모형+,가상음주체험고글,보바스테이블+코끼리자전거+전동상하지운,O,X,063-281-6649,전북특별자치도 전주시보건소,2025-12-19,B553430,한국건강증진개발원
장계면건강생활지원센터,기본형,전북특별자치도 장수군 장계면 한들로 124,35.73112933,127.5856748,09:00,18:00,토+일+공휴일,심뇌혈관+영양+신체활동+금연,장계면보건사업+운동실+조리실습실+대사,0,1,1,1,0,0,0,치과위생사(1)+심리상담사(1),체성분분석기+혈압계+신장체중계+체온계,체력측정및운동가이드시스템+악력측정기+,러닝머신+입식사이클+좌식사이클+엘립티,일산화탄소(CO)측정기+폐기능측정기+,식단모형+염분량입체패널+염도계+손씻기,없음,없음,X,X,063-352-8700,전북특별자치도 장수군보건의료원,2025-12-19,B553430,한국건강증진개발원
서부(익산시)건강생활지원센터,기본형,"전북특별자치도 익산시 학곤로 76 (송학동), 푸른솔커뮤니티센터 3~4층",35.9379208945,126.938490245,09:00,18:00,토+일+공휴일,신체활동+영양+비만+치매+모자보건+심뇌혈관+만성질환관리,,0,1,1,1,0,0,1,행정인력(2),체성분분석기+혈압계+혈당측정기+콜레스,악력측정기+윗몸일으키기측정기+에어로바,러닝머신+렛플다운머신+버터플라이머신+,흡연예방키오스크,식품구성자전거+소화과정공넣기패널+소화,어린이음주체험세트+음주예방걸어보기센서,없음,O,X,063-859-7502,전북특별자치도 익산시보건소,2025-12-19,B553430,한국건강증진개발원
서부(군산시)건강생활지원센터,기본형,전북특별자치도 군산시 설림5길 83,35.9743154924,126.6792743357,09:00,18:00,토+일+공휴일,신체활동+영양+비만+치매+만성질환관리,조리실습실+운동관리실,0,1,1,1,0,0,0,행정인력(2),체성분분석기+혈압계+청진기+혈당측정기,악력측정기+종합체력기능측정기+앉아서윗,러닝머신+좌식사이클+벨트마사지기+로잉,일산화탄소(CO)측정기+폐비교모형+흡,염도계+당도계+염분량입체모형패널+고혈,알코올중독의증상(액자)+다양한질환의원,없음,X,X,063-454-5170,전북특별자치도 군산시보건소,2025-12-19,B553430,한국건강증진개발원
부안군건강생활지원센터,기본형,전북특별자치도 부안군 행안면 월륜길 74-34,35.7208792327,126.717509698,09:00,18:00,토+일+공휴일,신체활동+비만+영양+절주,건강생활실천사업+모바일 헬스케어사업+,0,2,1,1,0,0,0,행정인력(2)+사업보조인력(1),체성분분석기+혈압계+신장체중계+혈당측,앉아윗몸앞으로굽히기측정기+악력측정기+,러닝머신+레그익스텐션머신+업도미널&백,없음,염도계+당도계+염분량입체모형패널+식단,가상음주체험키트 및 고글,없음,X,X,063-580-3799,전북특별자치도 부안군보건소,2025-12-19,B553430,한국건강증진개발원
동부(익산시)건강생활지원센터,기본형,전북특별자치도 익산시 금마면 고도길26-6,35.9937925243,127.0501632697,09:00,18:00,토+일+공휴일,신체활동+영양+만성질환관리+심뇌혈관+치매+금연+절주,,0,1,1,1,0,0,1,행정인력(2),체성분분석기+자동신장계+혈압계+혈당측,악력측정기+앉아윗몸앞으로굽히기측정기+,러닝머신+레그프레스머신+토르소머신+윗,직접흡연시연기모형,염도계+식품구성자전거+교환단위모형+소,가상음주체험고글,없음,O,X,063-859-7472,전북특별자치도 익산시보건소,2025-12-19,B553430,한국건강증진개발원
남원시건강생활지원센터,기본형,전북특별자치도 남원시 용성로 135-9 (동충동),35.41143087,127.3901576,09:00,18:00,토+일+공휴일,신체활동+영양+비만+모자보건+만성질환관리,심폐소생술 체험+가족수유실,0,2,1,1,0,0,1,행정인력(1),체성분분석기+신장체중계+혈압계+혈당측,악력측정기+윗몸일으키기측정기+에어로바,트레드밀+랫풀다운머신+체스트프레스머신,없음,식품모형+근육모형+지방모형+식품구성자,가상음주체험고글,없음,O,O,063-620-7946,전북특별자치도 남원시보건소,2025-12-19,B553430,한국건강증진개발원
남부(익산시)건강생활지원센터,기본형,전북특별자치도 익산시 목천로 326,35.9269099613,126.9566872253,09:00,18:00,토+일+공휴일,신체활동+영양+비만+치매+금연+절주+모자보건+심뇌혈관+만성질환관리+재활,,0,3,1,1,3,0,1,행정인력(5),체성분분석기+신장체중계+혈압계+혈당측,악력측정기+윗몸일으키기측정기+에어로바,렛플다운+버터플라이머신+레그컬머신+레,담배쩔은치아모형+금연홍보판(매직미러센,소화과정알기등신대+건강간식막대+근육모,가상음주체험세트+음주체험다트,계단훈련기+스트레치용발판ㆍ접이식워커+,O,X,063-859-4938,전북특별자치도 익산시보건소,2025-12-19,B553430,한국건강증진개발원
완도군건강생활지원센터,기본형,전라남도 완도군 완도읍 청해진동로70,34.31779883,126.7355876,09:00,18:00,토+일+공휴일,신체활동+영양+심뇌혈관+만성질환관리,,0,1,1,1,0,0,0,행정인력 (3),체성분분석기+전자혈압계+신장체중계,악력측정기+유연성측정기+심폐지구력측정,러닝머신+스쿼트랙+전동거꾸리+토탈힙머,없음,염도계+식단/식품모형,없음,없음,X,X,061-550-6712,전라남도 완도군보건의료원,2025-12-19,B553430,한국건강증진개발원
연향건강생활지원센터,기본형,전라남도 순천시 팔마3길 14-7,34.9346824918,127.5163779724,09:00,18:00,토+일+공휴일,금연+절주+신체활동+영양+비만+만성질환관리,어린이건강체험관 운영+심폐소생술 상설,0,2,1,1,0,0,0,행정인력(1),혈당측정기+고지혈증측정기+당화혈색소측,악력측정기+유연성검사+근지구력검사+배,러닝머신(4)+일립티컬머신+좌식사이클,일산화탄소(CO)측정기+흡연자 구강모,염도계+식단/식품모형+영양상담,어린이 음주예방모형+가상음주체험고글,없음,O,X,061-749-4262,전라남도 순천시보건소,2025-12-19,B553430,한국건강증진개발원
신대건강생활지원센터,기본형,전라남도 순천시 해룡면 신대로 142,34.9367674096,127.5504516754,09:00,18:00,토+일+공휴일,금연+절주+신체활동+영양+비만+만성질환관리,아동돌봄놀이교실 운영,0,2,1,1,1,0,0,,혈당측정기+고지혈증측정기+당화혈색소측,악력측정기+윗몸일으키기측정기+에어로바,러닝머신+레그컬머신+레그프레스머신+에,일산화탄소(CO)측정기+흡연자 구강모,식단/식품모형,없음,없음,O,X,061-749-3640,전라남도 순천시보건소,2025-12-19,B553430,한국건강증진개발원
빛가람건강생활지원센터,기본형,전라남도 나주시 빛가람로 721,35.0222062973,126.7906416554,09:00,18:00,토+일+공휴일,신체활동+심뇌혈관+모자보건+금연+방문,건강증진실 운영,0,4,0,0,0,0,0,행정인력(1),체성분분석기+혈압계,체전굴측정기+근력측정기+악력측정기+윗,러닝머신+하체근력강화 자전거+레그프레,일산화탄소(CO)측정기+흡연자 구강모,영양식단계획요령 지도자료,없음,없음,X,O,061-339-4752,전라남도 나주시 보건소,2025-12-19,B553430,한국건강증진개발원
이호건강생활지원센터,기본형,"제주특별자치도 제주시 도리로 57 (이호일동), 2층",33.49892575,126.4578803,09:00,18:00,토+일+공휴일,심뇌혈관+신체활동+치매+영양+금연,경로당 건강관리+금연클리닉(주1회),0,3,1,1,1,0,0,,체성분분석기+혈압계+신장체중계+당화혈,악력측정기,치닝디핑+평벤치,없음,없음,없음,없음,O,X,064-728-8692,제주특별자치도 제주시 제주보건소,2025-12-19,B553430,한국건강증진개발원
남악건강생활지원센터,기본형,전라남도 무안군 삼향읍 남악3로 40,34.80941904,126.4610002,09:00,18:00,토+일+공휴일,신체활동+비만+금연+치매+모자보건+만성질환관리+구강+영양,활력120세 방 운영,0,4,0,1,0,0,0,행정인력(1),체성분분석기+혈압계+혈당측정기+고지혈,종합체력기능측정기+배근력측정기+악력측,러닝머신+사이클+스텝퍼+일립티컬 머신,일산화탄소(CO)측정기+흡연실험모형+,식단/식품모형,음주운전모형+가상음주체험고글,정형용 운동장치+치료용 계단/사다리+,O,X,061-450-5001,전라남도 무안군보건소,2025-12-19,B553430,한국건강증진개발원
금호건강생활지원센터,기본형,전라남도 광양시 금호로 299-11,34.9393336191,127.7315971521,09:00,18:00,토+일+공휴일,만성질환관리+금연+신체활동+영양+치매,,0,2,1,1,0,0,0,행정인력(1),혈압계+혈당측정기+헤모글로빈측정기+고,체성분 분석기+신장체중계,러닝머신+버터플라이머신+펙덱플라이머신,일산화탄소측정기+폐비교모형+흡연자혈관,식단및식품추천모형+염도계+식품구성자석,절주모형+가상음주체험고글+간비교모형,재활운동용러닝머신+자전거운동기+어깨회,O,O,061-797-4991,전라남도 광양시보건소,2025-12-19,B553430,한국건강증진개발원
광영건강생활지원센터,기본형,전라남도 광양시 금영로 127,34.9619706885,127.7194206193,09:00,18:00,토+일+공휴일,만성질환관리+금연+신체활동+영양+치매,,0,2,1,1,0,0,0,행정인력(2),혈압계+당화혈색소측정기+혈당측정기+고,악력측정기+윗몸일으키기측정기+종합체력,버터플라이 머신+체스트 플라이 머신+,일산화탄소측정기+폐 비교 모형+흡연자,"고혈압,당뇨 등 각종 식단 및 식품 ",간비교 모형+가상음주체험고글,없음,O,X,061-797-4075,전라남도 광양시보건소,2025-12-19,B553430,한국건강증진개발원
골약건강생활지원센터,기본형,전라남도 광양시 성황3길 19,34.9375750912,127.677720794,09:00,18:00,토+일+공휴일,만성질환관리+금연+신체활동+영양+치매,보건교육실운영,0,2,1,1,0,0,0,행정인력(2),혈압계+체온계+신장체중계+체성분분석기,없음,러닝머신+사이클+진동운동기,일산화탄소측정기+폐비교모형+흡연자혈관,염도계+조리실습용장비+헤모글로빈측정기,간비교모형+가상음주체험고글+절주모형,없음,O,O,061-797-4894,전라남도 광양시보건소,2025-12-19,B553430,한국건강증진개발원
송도건강생활지원센터,기본형,인천광역시 연수구 인천타워대로54번길 19,37.3797809087,126.6465727383,09:00,18:00,토+일+공휴일,만성질환관리+신체활동+영양+모자보건+재활+기타,"감염병관리(비타민D,초기임산부 등 검",0,2,1,1,2,0,0,임상병리사(1),혈압계+신장체중계+체성분분석기+당화혈,종합체력기능측정기+자세측정기+평형측정,러닝머신+진동운동기+사이클+순환식유압,없음,염도계+영양프로그램,없음,상·하지운동기+재활러닝머신+공기압식운,O,O,032-749-6910,인천광역시 연수구보건소,2025-12-19,B553430,한국건강증진개발원
완정건강생활지원센터,기본형,"인천광역시 서구 청마로 167번길 19, 2층",37.59210015,126.6746299,09:00,18:00,토+일+공휴일,만성질환관리+신체활동+비만+영양+금연+구강+모자보건,모자건강증진프로그램 운영,0,3,0,1,0,0,0,,체성분분석기+신장체중계+혈압계+당화혈,족저압측정기+자세측정기,멀티미디어운동장비+진동운동장비+상하지,일산화탄소(CO)측정기+흡연자 구강모,식단/식품모형+영양프로그램,없음,보바스테이블+기립훈련기+FES+전동작,O,X,032-718-0530,인천광역시 서구보건소,2025-12-19,B553430,한국건강증진개발원
검단건강생활지원센터,기본형,인천광역시 서구 완정로 214(금곡동),37.60359312,126.6529572,09:00,18:00,토+일+공휴일,만성질환관리+신체활동+비만+영양+금연+구강+모자보건,주민 바른자세 건강관리사업,0,3,1,1,0,0,0,,체성분분석기+혈압계+당화혈색소측정기+,체력기능검사매트+악력측정기+자전거에르,러닝머신+실내사이클+로잉머신,일산화탄소(CO)측정기,염도계+식단/식품모형,없음,없음,X,X,032-718-0580,인천광역시 서구보건소,2025-12-19,B553430,한국건강증진개발원
가재울건강생활지원센터,동단위형,"인천광역시 서구 여우재로82번길 9 (가좌동), 주민공동이용시설 3층",37.4864513271,126.6887435356,09:00,18:00,토+일+공휴일,만성질환관리+신체활동+비만+영양+금연+구강+모자보건,중장년건강관리프로그램 운영,0,2,1,1,0,0,0,,체성분분석기+혈압계+당화혈색소측정기+,없음,없음,없음,없음,없음,없음,X,X,032-718-0540,인천광역시 서구보건소,2025-12-19,B553430,한국건강증진개발원
석남건강생활지원센터,기본형,"인천광역시 서구 길주로 79, 6층",37.50676483,126.670879,09:00,18:00,토+일+공휴일,만성질환관리+신체활동+비만+영양+금연+구강+모자보건,어린이건강체험관 운영,0,3,0,1,1,0,0,,체성분분석기+혈압계+혈당측정기+당화혈,윗몸일으키기측정기+앉아서윗몸앞으로굽히,좌식사이클,일산화탄소측정기+흡연자 폐모형,식단/식품모형,가상음주체험고글,어깨회전운동기,O,O,032-718-0550,인천광역시 서구보건소,2025-12-19,B553430,한국건강증진개발원
가좌건강생활지원센터,기본형,"인천광역시 서구 건지로284번길 60, 1층",37.4939298223,126.6730350758,09:00,18:00,토+일+공휴일,만성질환관리+신체활동+비만+영양+금연+구강+모자보건,찾아가는 건강상담실 운영,0,3,1,1,0,0,0,,체성분분석기+혈압계+혈당측정기+당화혈,악력측정기+윗몸일으키기측정기+앉아서윗,좌식사이클,일산화탄소(CO)측정기+흡연으로 인한,식단/식품모형,가상음주체험고글,휠체어+목발,O,O,032-718-0570,인천광역시 서구보건소,2025-12-19,B553430,한국건강증진개발원
가정·신현원창건강생활지원센터,기본형,"인천광역시 서구 가정로406번길 25 (가정동), 2층",37.5219556542,126.6765081795,09:00,18:00,토+일+공휴일,만성질환관리+신체활동+비만+영양+금연+구강+모자보건,스마트건강관리프로그램 운영,0,4,1,1,0,0,0,,체성분분석기+혈압계+혈당측정기+당화혈,자세측정기+족저압측정기+보행측정기,순환운동장비(레그익스텐션(대퇴부)+업,흡연자구강모형,식단/식품모형,없음,없음,O,X,032-718-0560,인천광역시 서구보건소,2025-12-19,B553430,한국건강증진개발원
열우물건강생활지원센터,기본형,"인천광역시 부평구 열우물로 103, 3층",37.4758045853,126.6961223162,09:00,18:00,토+일+공휴일,금연+신체활동+영양+구강+심뇌혈관관리,운동관리실 운영,0,3,1,1,0,0,0,,체성분분석기+혈압계+당화혈색소측정기+,종합체력기능측정기+폐활량측정기+스트레,러닝머신+체스트프레스+버터플라이+어덕,일산화탄소(CO)측정기+폐비교모형+1,고혈압+당뇨등각종식단및식품추천모형+염,없음,없음,O,X,032-509-3160,인천광역시 부평구보건소,2025-12-19,B553430,한국건강증진개발원
삼산건강생활지원센터,기본형,"인천광역시 부평구 부평북로 447, 4층",37.5221852613,126.7433335366,09:00,18:00,토+일+공휴일,금연+신체활동+영양+구강+재활+심뇌혈관관리,재활운동실 운영,0,3,1,1,1,0,0,,체성분분석기+혈압계+당화혈색소측정기+,종합체력기능측정기,없음,일산화탄소(CO)측정기+흡연자 구강모,염도계+영양프로그램,없음,공압식 상지운동기기+공압식 하지운동기,X,X,032-459-4170,인천광역시 부평구보건소,2025-12-19,B553430,한국건강증진개발원
송림건강생활지원센터,기본형,"인천광역시 동구 새천년로 93 (송림동), 송림골꿈드림센터５층",37.4764354937,126.6481857947,09:00,18:00,토+일+공휴일,만성질환관리+신체활동＋영양＋비만＋심뇌혈관관리,원스톱건강관리서비스 예약제 운영＋심폐,0,1,1,1,0,0,0,행정인력(2),체성분분석기+신장체중계+콜레스테롤측정,악력측정기+체력측정 및 운동가이드 시,체스트프레스머신+숄더프레스머신+업도미,일산화탄소(CO)측정기,염분량입체모형패널+영양프로그램,없음,없음,O,X,032-770-6276,인천광역시 동구보건소,2025-12-19,B553430,한국건강증진개발원
서창건강생활지원센터,기본형,"인천광역시 남동구 서창남로 99, 3층",37.4274678566,126.7471055071,09:00,18:00,토+일+공휴일,만성질환관리+재활+비만+신체활동,,0,1,0,1,3,0,0,행정인력(1),혈압계+당화혈색소측정기+혈당측정기+혈,종합체력기능측정기+악력측정기+윗몸일으,공기압운동기구+러닝머신,일산화탄소(CO)측정기+폐 비교모형,고혈압+ 당뇨+ 고지혈증+ 성인비만 ,없음,탈부하운동기+종합작업치료세트+재활러닝,X,X,032-719-1620,인천광역시 남동구보건소,2025-12-19,B553430,한국건강증진개발원
간석건강생활지원센터,기본형,인천광역시 남동구 간석로41번길 18,37.4674587927,126.7130108452,09:00,18:00,토+일+공휴일,만성질환관리+재활+치매+비만+신체활동,,0,5,0,1,2,0,0,행정인력(2)+요양보호사(3),혈압계+혈당측정기+고지혈증측정기+신장,종합체력기능측정기+악력측정기+윗몸일으,없음,없음,식품모형,없음,러닝머신+자전거운동기+등속성운동기+공,X,X,032-453-5960,인천광역시 남동구보건소,2025-12-19,B553430,한국건강증진개발원
효성건강생활지원센터,기본형,"인천광역시 계양구 봉오대로 543번길 21, 효성평생건강센터 3층",37.5325272056,126.7086103179,09:00,18:00,토+일+공휴일,신체활동+영양+심뇌혈관+금연,원스톱건강관리서비스 예약제 운영,0,2,1,1,0,0,0,의료기술직(1),체성분분석기+혈압계+혈당측정기+고지혈,악력측정기+자전거에르고미터+윗몸일으키,러닝머신,일산화탄소(CO)측정기,염도계+식단/식품모형+영양프로그램+소,없음,없음,O,X,032-430-7793,인천광역시 계양구보건소,2025-12-19,B553430,한국건강증진개발원
이화정건강생활지원센터,기본형,울산광역시 북구 이화3길 5 (중산동),35.662505753,129.3422161669,09:00,18:00,토+일+공휴일,신체활동+영양+비만+심뇌혈관+만성질환관리,통합건강상담실 예약제 운영,0,3,1,0,0,0,0,,체성분분석기+혈압계+뇌파측정기+혈당측,체력측정및운동가이드시스템,체스트플라이머신+레그익스텐션머신+숄더,없음,없음,없음,없음,X,X,052-241-8275,울산광역시 북구보건소,2025-12-19,B553430,한국건강증진개발원
무거건강생활지원센터,기본형,울산광역시 남구 대학로147번길 41-26(무거동),35.5512450706,129.2596406645,09:00,18:00,토+일+공휴일,신체활동+영양+심뇌혈관+재활,,0,3,2,2,1,0,0,,체성분분석기+혈압계+혈당측정기+당화혈,종합체력기능측정기+악력측정기,러닝머신+균형훈련기+사이클,없음,염도계+식단/식품모형,없음,진동운동기+사이클+균형훈련기,X,X,052-226-2345,울산광역시 남구보건소,2025-12-19,B553430,한국건강증진개발원
고운건강생활지원센터,기본형,세종특별자치시 마음로 64,36.50497406,127.2353641,09:00,18:00,토+일+공휴일,만성질환관리+신체활동+영양,어린이건강체험관+ 지역사회연계협력+ ,1,2,0,1,0,0,1,,체성분분석기+신장체중계+혈압계+혈당측,각근력측정기+윗몸일으키기측정기+앉아서,에어보드+순환식유압운동기(레그프레스+,폐비교모형+담배유해성분교육용모형,식단/식품모형+염분량입체모형패널+염도,가상음주체험고글,없음,O,X,044-301-2900,세종특별자치시보건소,2025-12-19,B553430,한국건강증진개발원
행복동구건강생활지원센터,기본형,부산광역시 동구 안창로 90,35.1444901275,129.039668084,09:00,18:00,토+일+공휴일,재활+한의약+아토피천식+만성질환관리+금연+신체활동+영양+구강+심뇌혈관+치매,치매안심센터 범일분소 운영,0,4,0,0,1,0,0,건강활동가,혈압계+혈당측정기+당화혈색소측정기+고,악력측정기+체성분분석기,버터플라이머신+체스트플라이머신+레그컬,폐비교모형+흡연구강모형,염분량입체모형패널,없음,상하지운동기,X,X,051-440-6391,부산광역시 동구보건소,2025-12-19,B553430,한국건강증진개발원
중구 건강생활지원센터,기본형,부산광역시 중구 흑교로 48,35.1037739468,129.0253562556,09:00,18:00,토+일+공휴일,만성질환관리+금연+음주폐해예방+신체활동+영양+재활,어린이건강정보관 운영,0,2,1,1,1,0,0,금연상담사(1),혈압계+체온계+신장체중계+체성분분석기,체력측정 및 운동가이드시스템+종합체력,진동운동기+사이클,일산화탄소(CO)측정기+1년치 타르의,식품교환표+만성질환관리식단모형+교육모,음주고글,진동운동기+사이클,O,X,051-600-4722,부산광역시 중구보건소,2025-12-19,B553430,한국건강증진개발원
장전2동건강생활지원센터,동단위형,"부산광역시 금정구 금정로 29-6, 5층",35.2274744169,129.0855112726,09:00,17:00,토+일+공휴일,만성질환관리+신체활동+비만+영양,,0,2,1,1,0,0,0,,혈압계+혈당측정기+당화혈색소측정기+고,악력측정기,벨트마사지기+진동운동기+좌식사이클+일,없음,없음,없음,없음,O,X,051-519-5801,부산광역시 금정구보건소,2025-12-19,B553430,한국건강증진개발원
장림1동건강생활지원센터,동단위형,부산광역시 사하구 장림로161번길 2,35.0830543166,128.9668711566,09:00,18:00,토+일+공휴일,치매+신체활동+심뇌혈관+모자보건,,0,2,0,0,0,0,0,마을활동가(1),체성분분석기+혈압계+혈당측정기+콜레스,악력측정기,없음,없음,없음,없음,없음,X,X,051-220-5291,부산광역시 사하구보건소,2025-12-19,B553430,한국건강증진개발원
용호3동건강생활지원센터,동단위형,부산광역시 남구 동명로164번길 40,35.1173352133,129.1141211185,09:00,18:00,토+일+공휴일,심뇌혈관+신체활동+치매,용호3동 마을건강센터+치매안심센터 용,0,2,0,0,0,0,0,건강지도자(1),체성분분석기+혈압계+혈당측정기+당화혈,악력측정기,없음,없음,없음,없음,없음,X,X,051-607-6771,부산광역시 남구보건소,2025-12-19,B553430,한국건강증진개발원
용당동건강생활지원센터,동단위형,"부산광역시 남구 신선로 396 (용당동), 용당동복합청사 3층",35.12042784,129.0985086,09:00,18:00,토+일+공휴일,심뇌혈관+신체활동+치매+영양,치매안심센터 용당분소 운영,0,2,0,0,0,0,0,건강지도자(1),체성분+혈압계+혈당측정기+당화혈색소측,악력측정기+자세측정기,없음,없음,없음,없음,없음,X,X,051-607-6811,부산광역시 남구보건소,2025-12-19,B553430,한국건강증진개발원
문현2동건강생활지원센터,동단위형,부산광역시 남구 전포대로92번길 31-7,35.14527179,129.0686869,09:00,18:00,토+일+공휴일,심뇌혈관+신체활동+치매,문현2동 마을건강센터 운영,0,2,0,0,0,0,0,건강지도자(1),체성분분석기+혈압계+혈당측정기+당화혈,악력측정기,없음,없음,없음,없음,없음,X,X,051-607-6931,부산광역시 남구보건소,2025-12-19,B553430,한국건강증진개발원
문현1동건강생활지원센터,동단위형,부산광역시 남구 고동골로60번길 1,35.1425341661,129.0713224459,09:00,18:00,토+일+공휴일,심뇌혈관+신체활동+치매,문현1동 마을건강센터 운영,0,2,0,0,0,0,0,건강지도자(1),체성분분석기+혈압계+혈당측정기+당화혈,악력측정기,없음,없음,없음,없음,없음,X,X,051-607-6912,부산광역시 남구보건소,2025-12-19,B553430,한국건강증진개발원
동래구건강생활지원센터,기본형,부산광역시 동래구 명장로 32,35.2046966233,129.1042478326,09:00,17:00,토+일+공휴일,영양+신체활동+심뇌혈관+비만+치매,명장1동 마을건강센터 운영,1,2,1,1,0,0,0,,체성분분석기+혈압계+콜레스테롤 측정기,악력측정기+배근력측정기,좌식사이클+체스트링크+쇼울더링크+바우,흡연자/비흡연자 폐비교 모형+일년치 ,LED 나트륨 케어 염도계+식단/식품,없음,없음,O,X,051-550-1992,부산광역시 동래구보건소,2025-12-19,B553430,한국건강증진개발원
당감건강생활지원센터,기본형,"부산광역시 부산진구 백양순환로 40, 당감4동주민센터 4층~5층",35.1682222165,129.0334223392,09:00,17:00,토+일+공휴일,심뇌혈관+만성질환관리+신체활동+비만+영양+구강+금연+치매,치매안심센터 당감분소 운영,0,2,1,1,0,0,0,치과위생사(1),혈압계+당화혈색소측정기+혈당측정기+지,배근력측정기+악력측정기+밸런스계,쇼울더링크+체스트링크+바우어링크+레그,폐 비교 모형+발암물질 모형,음식모형(염분1g식품모형도)+식품교환,없음,없음,O,X,051-605-6118,부산광역시 부산진구보건소,2025-12-19,B553430,한국건강증진개발원
다대건강생활지원센터,기본형,부산광역시 사하구 다대로 530번길 7,35.0591698407,128.9713293783,09:00,17:00,토+일+공휴일,심뇌혈관+신체활동+비만+영양+치매+모자보건,치매안심센터 다대분소,0,3,1,1,0,0,0,마을활동가(1),체성분분석기+혈압계+혈당측정기+콜레스,종합체력기능측정기+악력측정기,바우어링크+레그링크+숄더링크+체스트링,흡연자/비흡연자 폐비교 모형,염도계+비만체험복+근육모형ㆍ지방모형,가상음주체험고글,없음,O,O,051-220-0035,부산광역시 사하구보건소,2025-12-19,B553430,한국건강증진개발원
남구(부산광역시)건강생활지원센터,기본형,"부산광역시 남구 동제당로 368 (우암동), 우암동복합청사 4~6층",35.12506764,129.0767711,09:00,18:00,토+일+공휴일,심뇌혈관+신체활동+치매,우암동 마을건강센터 운영+치매안심센터,0,3,1,1,1,0,0,건강지도자(1),체성분분석기+산성도(PH)측정기+혈압,악력측정기+눈감고외발서기측정기,종아리마사지기+벨트마사지+재활(낙상예,일산화탄소특정기+폐비교모형+1년치흡연,식품구성교구+ 칼로리음식비교모형+디지,가상음주체험키트+금주교육앞치마+ 알코,재활운동용러닝머신+쇼율더링크+체스트링,X,X,051-607-6893,부산광역시 남구보건소,2025-12-19,B553430,한국건강증진개발원
금정구건강생활지원센터,기본형,부산광역시 금정구 서동로 175번길 41-5,35.2154475925,129.1074472121,09:00,17:00,토+일+공휴일,만성질환관리+신체활동+금연+절주+재활+치매,재활기구대여사업,0,3,0,1,1,0,0,,혈압계+혈당측정기+당화혈색소측정기+고,악력측정기,러닝머신+입식사이클+좌식사이클+허리벨,일산화탄소(CO)측정기+1년 흡연자타,없음,없음,자전거운동기+상하지운동기+무릎운동테이,O,X,051-519-5481,부산광역시 금정구보건소,2025-12-19,B553430,한국건강증진개발원
거제건강생활지원센터,기본형,부산광역시 연제구 해맞이로 53,35.1791403891,129.0678248197,09:00,18:00,토+일+공휴일,금연+절주+신체활동+심뇌혈관,마을건강센터연계,0,1,1,1,0,0,0,행정인력(1),체성분분석기+혈압계+뇌파측정기+신장체,악력측정기+체력측정및운동가이드시스템,업도미널머신+숄더프레스+레그프레스+좌,일산화탄소(CO)측정기+흡연결과모형+,영양교육용인덕션+전자레인지+당도측정기,가상음주체험고글+간비교모형,없음,O,X,051-665-5421,부산광역시 연제구보건소,2025-12-19,B553430,한국건강증진개발원
개금3동건강생활지원센터,동단위형,"부산광역시 부산진구 개금본동로 88, 개금3동주민센터 2층",35.1557635786,129.0219365562,09:00,18:00,토+일+공휴일,만성질환관리+금연+심뇌혈관관리+신체활동+영양+비만+치매,,0,2,0,1,0,0,0,,혈압계+혈당측정기+지질측정기+당화혈색,악력측정기,없음,없음,식단/식품모형,없음,없음,O,X,051-605-6551,부산광역시 부산진구보건소,2025-12-19,B553430,한국건강증진개발원
개금2동건강생활지원센터,동단위형,"부산광역시 부산진구 복지로 93, 개금2동주민센터 2층",35.1449069664,129.0195347385,09:00,18:00,토+일+공휴일,심뇌혈관+신체활동+비만+치매,,0,2,0,1,0,0,0,,혈압계+당화혈색소측정기+지질측정기+혈,악력측정기,레그컬&레그익스텐션머신+업도미널&백익,없음,없음,없음,없음,O,X,051-605-6693,부산광역시 부산진구보건소,2025-12-19,B553430,한국건강증진개발원
중구건강생활지원센터,기본형,대전광역시 중구 중앙로 100(대흥동),36.325575015,127.421295267,09:00,18:00,토+일+공휴일,재활+만성질환관리+신체활동+영양,,0,3,0,1,2,0,0,,혈압계+혈당측정기+당화혈색소측정기+콜,운동부하검사장비+동맥경화진단기+체성분,없음,없음,없음,없음,대퇴사두근운동기+운동용매트평상+계단보,O,X,042-288-8063,대전광역시 중구보건소,2025-12-19,B553430,한국건강증진개발원
대덕구남부건강생활지원센터,기본형,"대전광역시 대덕구 동춘당로 187 (법동), 5층",36.3672076725,127.4308386054,09:00,18:00,토+일+공휴일,금연+신체활동+영양+비만+심뇌혈관+만성질환관리+모바일헬스케어,건강학교 운영+건강동아리 운영+지역사,0,4,1,2,0,0,0,,체성분분석기+혈압계+대사증후군검사혈액,악력측정기+에어로바이크+종합체력기능측,러닝머신+입식/좌식사이클+스텝퍼+스미,일산화탄소(CO)측정기+혈압계,근육ㆍ지방1kg세트+식품교환단위+식품,없음,없음,O,O,042-608-4472,대전광역시 대덕구보건소,2025-12-19,B553430,한국건강증진개발원
고산건강생활지원센터,기본형,대구광역시 수성구 욱수천로 99,35.8369885033,128.7128212323,09:00,18:00,토+일+공휴일,만성질환관리+심뇌혈관관리+신체활동+구강+금연+방문+모자보건,모바일헬스케어,0,5,2,2,0,0,0,치과위생사(2),체성분분석기+혈압계,종합체력기능측정기 + 악력측정기 + ,러닝머신 + 순환식유압운동기 + 좌식,일산화탄소(CO)측정기+흡연자폐모형+,식단/식품모형+소변검사스틱,가상음주체험고글,없음,O,X,053-666-3160,대구광역시 수성구보건소,2025-12-19,B553430,한국건강증진개발원
구암건강생활지원센터,기본형,대구광역시 북구 구암서로 30,35.9386463307,128.5660100362,09:00,18:00,토+일+공휴일,신체활동+금연+치매+방문+만성질환관리+영양,건강동아리+주민건강협의체+어린이건강놀,0,6,1,1,0,0,0,행정인력(1)+치매상담사(3)+금연상,체성분분석기+혈압계+혈당측정기,체력측정및운동가이드시스템,러닝머신+순환식유압운동기,일산화탄소(CO)측정기+흡연자 구강모,염도계+식단/식품모형+영양프로그램,어린이 음주예방모형+가상음주체험고글,없음,O,O,053-665-4281,대구광역시 북구보건소,2025-12-19,B553430,한국건강증진개발원
지원건강생활지원센터,기본형,"광주광역시 동구 지원로 31-9 (소태동), 복합커뮤니티센터 2층",35.1253005997,126.935176655,09:00,18:00,토+일+공휴일,만성질환관리+신체활동+영양+비만+재활,건강매니저서비스 예약제 운영+건강동아,0,3,1,0,1,0,0,,신장체중계+체성분분석기+혈압계+혈당측,악력측정기,러닝머신+코끼리자전거+종합운동기+레그,없음,염도계+식단/식품모형+염분량입체모형+,어린이 음주예방모형(절주패널)+가상음,근골격재활풀리운동시스템+사다리연습기+,O,O,062-608-3950,광주광역시 동구보건소,2025-12-19,B553430,한국건강증진개발원
주월건강생활지원센터,기본형,광주광역시 남구 군분로 13번길 10,35.1348092412,126.8944811454,09:00,18:00,토+일+공휴일,신체활동+영양+만성질환관리+비만+치매,운동처방실+건강동아리활동지원+지역사회,0,2,0,1,0,0,0,행정인력(1),체성분분석기+혈압계+혈당측정기+당화혈,악력측정기+체력측정및운동가이드시스템,러닝머신+음파진동기+체스트웨이트+스텝,없음,염도계+당도계+탁상패널(칼로리ㆍ고당),없음,없음,O,X,062-607-6133,광주광역시 남구보건소,2025-12-19,B553430,한국건강증진개발원
월산건강생활지원센터,기본형,광주광역시 남구 중앙로 12,35.1445848926,126.8999215579,09:00,18:00,토+일+공휴일,신체활동+영양+만성질환관리+치매+금연,순환운동+건강동아리활동지원+지역사회연,0,2,0,1,1,0,0,임상심리사(1),체성분분석기+혈압계+당화혈색소측정기+,없음,순환식유압운동기,일산화탄소(CO)측정기,염도계+식단/식품모형,없음,없음,O,X,062-607-6151,광주광역시 남구보건소,2025-12-19,B553430,한국건강증진개발원
우산건강생활지원센터,기본형,광주광역시 광산구 사암로 167,35.1593126672,126.8075587875,09:00,18:00,토+일+공휴일,구강+통합건강증진관리+재활,구강체험관+모바일헬스케어+재활운동실 ,1,8,1,1,0,0,1,,체성분분석기+혈압계+혈당측정기,악력측정기+자전거에르고미터+윗몸일으키,러닝머신+좌식 사이클+레그익스텐션+버,없음,비만체험조끼+영양교육 교구,어린이 음주예방모형+가상음주체험고글,코끼리자전거(연동상하지운동기)+전동거,O,X,062-960-3801,광주광역시 광산구보건소,2025-12-19,B553430,한국건강증진개발원
쌍촌건강생활지원센터,기본형,"광주광역시 서구 쌍학로 47, 쌍촌종합사회복지관 2층",35.1473817149,126.868831348,09:00,18:00,토+일+공휴일,신체활동+심뇌혈관관리+만성질환관리+음주폐해예방,,0,3,0,0,0,0,0,행정인력(1),체성분분석기+혈압계+혈당측정기+체온계,악력측정기+자전거에르고미터+종합체력기,러닝머신,없음,없음,없음,없음,X,X,062-350-4741,광주광역시 서구보건소,2025-12-19,B553430,한국건강증진개발원
수완건강생활지원센터,기본형,광주광역시 광산구 장덕로 158,35.1970739751,126.8257308863,09:00,18:00,토+일+공휴일,신체활동+아토피천식+심뇌혈관+모자보건+재활,건강생활실천사업+어린이건강체험관+건강,0,11,3,1,3,0,0,,체성분분석기+혈압계+혈당측정기+고지혈,악력측정기+각근력측정기+배근력측정기+,러닝머신+좌식사이클+로타리토로소머신+,폐비교모형+흡연결과비교모형,고혈압당뇨등각종식단및식품추천모형+식품,어린이음주예방모형+가상음주체험고글,건식수압마사지기+상하지운동기+자전거운,O,X,062-960-8822,광주광역시 광산구보건소,2025-12-19,B553430,한국건강증진개발원
서구(광주광역시)건강생활지원센터,기본형,광주광역시 서구 운천로 172번길 32,35.1481814656,126.8601043129,09:00,18:00,토+일+공휴일,만성질환관리+금연+음주폐해예방+신체활동+영양+심뇌혈관관리,,0,3,0,0,0,0,0,행정인력(1),혈압계+혈당측정기+고지혈증측정기+체성,없음,없음,없음,식품모형+염도계,없음,없음,O,X,062-350-4173,광주광역시 서구보건소,2025-12-19,B553430,한국건강증진개발원
본촌건강생활지원센터,기본형,광주광역시 북구 양산택지로79번길 26,35.214080199,126.8790980271,09:00,18:00,토+일+공휴일,만성질환관리+신체활동+모자보건,건강증진실 및 건강상담실 운영,0,4,0,1,1,0,0,행정인력(1),대사증후군혈액검사기+혈압계+혈당측정기,종합체력기능측정기+악력측정기+폐활량측,러닝머신+버터플라이머신+레그익스텐션머,폐비교모형+일산화탄소(CO)측정기+1,식단/식품모형+염도계+건강식품 입체패,가상음주체험고글+간비교모형,휠체어,O,X,062-410-6226,광주광역시 북구보건소,2025-12-19,B553430,한국건강증진개발원
두암건강생활지원센터,기본형,광주광역시 북구 군왕로 141번길 6,35.1743140473,126.9324675698,09:00,18:00,토+일+공휴일,만성질환관리+신체활동+재활,건강증진실 및 재활운동실 운영,0,4,0,0,3,0,0,행정인력(3),체성분분석기+대사증후군혈액검사기+혈압,없음,러닝머신+사이클+레그프레스+숄더프레스,흡연자 폐/구강/혈관 비교모형+폐활량,식품구성자석보드판+소금/설탕/지방/포,어린이 가상음주체험고글+간비교모형,사이클+어깨회전운동기+체간복부운동기+,O,X,062-410-8984,광주광역시 북구보건소,2025-12-19,B553430,한국건강증진개발원
봉산면건강생활지원센터,기본형,경상북도 김천시 봉산면 예지송정길 9,36.141443781,128.0598364311,09:00,18:00,토+일+공휴일,심뇌혈관+치매+신체활동,어린이보건교육+건강증진실운영실+기억쉼,0,1,0,1,1,0,0,행정인력(2),체성분분석기+혈압계+혈당측정기+신장체,악력측정기+실내자전거+러닝머신+윗몸일,멀티랙+라잉레그컬+레그익스텐션+풀다운,일산화탄소(CO)측정기+흡연자 폐모형,염도계+식단/식품모형,어린이 음주예방모형+가상음주체험고글,전동거꾸리+허리마사지기+진동마사지기,O,X,054-421-2871,경상북도 김천시 보건소,2025-12-19,B553430,한국건강증진개발원
구미건강생활지원센터,기본형,경상북도 구미시 박정희로 45-7,36.0826826566,128.3513405667,09:00,18:00,토+일+공휴일,금연+신체활동+영양+심뇌혈관+비만관리,,0,2,1,0,1,0,1,행정인력(3),체성분분석기+혈압계+신장체중계,악력측정기+유연성측정기+복부근력측정기,없음,일산화탄소(CO)측정기+폐활량측정기+,염도계+식단/식품모형,없음,없음,O,X,054-480-2930,경상북도 구미시 구미보건소,2025-12-19,B553430,한국건강증진개발원
함안군건강생활지원센터,기본형,경상남도 함안군 칠원읍 용산1길 54-5,35.3101123766,128.5167042865,09:00,18:00,토+일+공휴일,만성질환관리+재활+신체활동+금연+영양,농부증재활운동실 운영,0,5,0,1,2,0,0,행정인력(2)+심리상담사(1)+기타(,체성분분석기+혈압계+혈당콜레스테롤측정,악력측정기+자전거에르고미터,트레드밀+거꾸리+하체근력강화기+상체근,일산화탄소(CO)측정기+흡연자 구강ㆍ,염도계+식단/식품모형+영양프로그램,음주체험고글,기립훈련기+어깨회전운동기+슬링+러닝머,O,X,055-580-3313,경상남도 함안군보건소,2025-12-19,B553430,한국건강증진개발원
중부(진주시)건강활지원센터,동단위형,"경상남도 진주시 진산로 20, 옥봉 LH아파트 상가 3층",35.1937413615,128.0943300449,09:00,17:00,토+일+공휴일,"금연+심뇌혈관(혈압,혈당측정 및 혈압,혈당기 대여사업)+만성질환관리+치매+방문건강관리+영양","고혈압,당뇨 상설교실 운영",1,2,0,0,0,0,0,,체성분분석기+혈압계+혈당측정기,악력측정기,없음,일산화탄소(CO)측정기,염도계+식단/식품모형+영양프로그램,가상음주체험고글,없음,O,X,055-749-6982,경상남도 진주시보건소,2025-12-19,B553430,한국건강증진개발원
주촌건강생활지원센터,기본형,경상남도 김해시 주촌면 주선로 29-1,35.2347774158,128.845757107,09:00,18:00,토+일+공휴일,신체활동+금연+영양+심뇌혈관,,0,1,1,1,0,0,1,,체성분분석기+혈압계+당화혈색소측정기,악력측정기+앉아서윗몸앞으로굽히기측정기,알렉시아 유압식 순환근력장비+쇼울더링,일산화탄소(CO)측정기+폐모형+흡연구,식단모형+염분량입체모형+식품구성자석보,절주입체패널+가상음주체험키트,없음,O,X,055-330-2602,경상남도 김해시보건소,2025-12-19,B553430,한국건강증진개발원
삼천포건강생활지원센터,기본형,경상남도 사천시 동금로 33,34.930921989,128.0790907727,09:00,18:00,토+일+공휴일,신체활동+비만+심뇌혈관관리+만성질환관리+금연,"건강상담실 운영, 재활기구 대여사업",0,1,0,1,0,0,0,행정인력(2),체성분분석기+혈압계+혈당측정기,유연성측정기+악력측정기,러닝머신+레그컬머신+레그익스텐션머신+,없음,없음,없음,없음,X,X,055-831-5461,경상남도 사천시보건소,2025-12-19,B553430,한국건강증진개발원
사파건강생활지원센터,기본형,경상남도 창원시 성산구 창이대로 689번길 14,35.2239366695,128.7026932475,09:00,18:00,토+일+공휴일,만성질환관리+영양+신체활동,,0,2,1,1,0,0,0,,체성분분석기+혈압계,체력측정및운동가이드시스템,러닝머신+숄더프레스+체스트프레스+레그,없음,염도계+식품모형+염분량입체모형+영양프,없음,없음,X,X,055-225-6381,경상남도 창원시 창원보건소,2025-12-19,B553430,한국건강증진개발원
동부(창원시)건강생활지원센터,기본형,"경상남도 창원시 진해구 용원로41번길 8, 1층",35.1002591347,128.8143601089,09:00,18:00,토+일+공휴일,만성질환관리+신체활동+영양,건강동아리 운영,0,2,1,1,0,0,0,,체성분분석기+혈압계+혈당측정기+콜레스,없음,러닝머신+하체근력강화용자전거+레그프레,없음,"조리실습용 장비(인덕션, 냉장고 등)",없음,없음,O,X,055-225-6221,경상남도 창원시 진해보건소,2025-12-19,B553430,한국건강증진개발원
동부(양산시)건강생활지원센터,기본형,경상남도 양산시 덕계회야길 68,35.3751208789,129.1492279756,09:00,18:00,토+일+공휴일,금연+신체활동+영양관리+비만예방관리+음주폐해예방+심뇌혈관질환 예방관리,치매안심센터 분소(별도운영),0,3,1,1,1,0,0,행정인력(3),체성분측정기+혈압계+혈당측정기+콜레스,시각반응측정기+자세보행측정기+유연성측,없음,일산화탄소측정기+흡연자구강모형,염도계,없음,없음,O,X,055-392-6981,경상남도 양산시 웅상보건소,2025-12-19,B553430,한국건강증진개발원
동부(김해시)건강생활지원센터,기본형,경상남도 김해시 분성로727번길 8-35,35.2300250978,128.922444487,09:00,18:00,토+일+공휴일,심뇌혈관+금연+신체활동+영양+재활+절주,1층 치매안심센터 운영,0,2,1,1,1,0,0,청사관리(1)+금연상담사(1),체성분분석기+혈압기+혈당기+콜레스테롤,악력측정기+앉아서윗몸앞으로굽히기측정기,없음,일산화탄소(CO)측정기+폐모형,식단모형+염분량입체모형+식품구성자석보,음주체험고글,평행봉+재활전용트레드밀+풀리운동시스템,X,X,055-320-5951,경상남도 김해시보건소,2025-12-19,B553430,한국건강증진개발원
감일건강생활지원센터,기본형,"경기도 하남시 감일순환로 181 (감이동), 2층",37.5080322368,127.1590453124,09:00,18:00,토+일+공휴일,금연+음주폐해예방+신체활동+구강+모자보건+치매+만성질환관리+정신건강,건강관리실 운영+요리교실+어린이건강체,1,5,0,0,1,0,0,치과위생사(1),체성분분석기+신장체중계+혈압계+혈당측,없음,체스트플라이 머신+업도미널머신+숄더프,없음,없음,가상음주체험고글,없음,O,X,031-790-6803,경기도 하남시보건소,2025-12-19,B553430,한국건강증진개발원
소흘건강생활지원센터,기본형,경기도 포천시 소흘읍 호국로 567,37.8234967091,127.1384307486,09:00,18:00,토+일+공휴일,금연+치매+영양+모자보건+신체활동+비만+심뇌혈관질환예방관리+노쇠예방관리+구강+정신건강,,0,2,0,1,1,0,0,행정인력(1),체성분분석기+신장체중계+혈압계+생화학,없음,입식사이클+좌식사이클,일산화탄소(CO)측정기+흡연자 구강모,없음,가상음주체험고글,없음,X,X,031-538-3790,경기도 포천시보건소,2025-12-19,B553430,한국건강증진개발원
포승건강생활지원센터,기본형,경기도 평택시 포승읍 여술로 47,36.989361542,126.8474040184,09:00,18:00,토+일+공휴일,금연+신체활동+비만+영양+심뇌혈관+만성질환관리+치매+재활+모자보건,,0,1,1,0,1,0,0,,체성분분석기+혈압계,없음,순환운동장비(레그프레스+레그익스텐션+,일산화탄소(CO)측정기+흡연자 폐 모,식단/식품모형,없음,전동 작업치료테이블 세트+수력저항식 ,X,X,031-8024-8625,경기도 평택시보건소,2025-12-19,B553430,한국건강증진개발원
마장건강생활지원센터,기본형,경기도 이천시 마장면 중앙로 81,37.2499398621,127.3585047563,09:00,18:00,토+일+공휴일,금연+신체활동+비만+심뇌혈관+모자보건+구강+치매,건강동아리 회원 수시 모집,0,1,0,1,0,0,0,행정인력(1),체성분분석기+혈압계+체중계+당화혈색소,없음,없음,없음,염도계+식단/식품모형+영양프로그램,없음,없음,O,X,031-6190-7245,경기도 이천시보건소,2025-12-19,B553430,한국건강증진개발원
남부(이천시)건강생활지원센터,기본형,경기도 이천시 장호원읍 서동대로8809번길 30-15,37.1167786789,127.614813281,09:00,18:00,토+일+공휴일,금연+신체활동+비만+만성질환관리+심뇌혈관관리+모자보건+구강+영양,스마트운동실+어린이건강체험존 운영,0,1,1,1,0,0,0,행정인력(1),체성분분석기+신장체중계+혈압계+혈당측,체력측정 및 운동가이드시스템+자세측정,레그익스텐션+레그컬머신+레그프레스머신,없음,레그익스텐션+레그컬머신+레그프레스머신,없음,없음,O,X,031-6190-7281,경기도 이천시보건소,2025-12-19,B553430,한국건강증진개발원